﻿{
  "configurations": [
    {
      "name": "x86-Debug",
      "generator": "Ninja",
      "configurationType": "Debug",
      "inheritEnvironments": [
        "msvc_x86"
      ],
      "buildRoot": "${env.USERPROFILE}\\CMakeBuilds\\${workspaceHash}\\build\\${name}",
      "installRoot": "${env.USERPROFILE}\\CMakeBuilds\\${workspaceHash}\\install\\${name}",
      "cmakeCommandArgs": "",
      "buildCommandArgs": "-v",
      "ctestCommandArgs": "",
      "variables": [
        {
          "name": "CHARLS_THREAT_WARNINGS_AS_ERRORS",
          "value": "On"
        },
        {
          "name": "CHARLS_PEDANTIC_WARNINGS",
          "value": "On"
        }
      ]
    },
    {
      "name": "x86-Release",
      "generator": "Ninja",
      "configurationType": "RelWithDebInfo",
      "inheritEnvironments": [
        "msvc_x86"
      ],
      "buildRoot": "${env.USERPROFILE}\\CMakeBuilds\\${workspaceHash}\\build\\${name}",
      "installRoot": "${env.USERPROFILE}\\CMakeBuilds\\${workspaceHash}\\install\\${name}",
      "cmakeCommandArgs": "",
      "buildCommandArgs": "-v",
      "ctestCommandArgs": "",
      "variables": [
        {
          "name": "CHARLS_THREAT_WARNINGS_AS_ERRORS",
          "value": "On"
        },
        {
          "name": "CHARLS_PEDANTIC_WARNINGS",
          "value": "On"
        }
      ]
    },
    {
      "name": "x64-Debug",
      "generator": "Ninja",
      "configurationType": "Debug",
      "inheritEnvironments": [
        "msvc_x64_x64"
      ],
      "buildRoot": "${env.USERPROFILE}\\CMakeBuilds\\${workspaceHash}\\build\\${name}",
      "installRoot": "${env.USERPROFILE}\\CMakeBuilds\\${workspaceHash}\\install\\${name}",
      "cmakeCommandArgs": "",
      "buildCommandArgs": "-v",
      "ctestCommandArgs": "",
      "variables": [
        {
          "name": "CHARLS_THREAT_WARNINGS_AS_ERRORS",
          "value": "On"
        },
        {
          "name": "CHARLS_PEDANTIC_WARNINGS",
          "value": "On"
        }
      ]
    },
    {
      "name": "x64-Release",
      "generator": "Ninja",
      "configurationType": "RelWithDebInfo",
      "inheritEnvironments": [
        "msvc_x64_x64"
      ],
      "buildRoot": "${env.USERPROFILE}\\CMakeBuilds\\${workspaceHash}\\build\\${name}",
      "installRoot": "${env.USERPROFILE}\\CMakeBuilds\\${workspaceHash}\\install\\${name}",
      "cmakeCommandArgs": "",
      "buildCommandArgs": "-v",
      "ctestCommandArgs": "",
      "variables": [
        {
          "name": "CHARLS_THREAT_WARNINGS_AS_ERRORS",
          "value": "On"
        },
        {
          "name": "CHARLS_PEDANTIC_WARNINGS",
          "value": "On"
        }
      ]
    }
  ]
}