﻿{
  "$schema": "https://raw.githubusercontent.com/DotNetAnalyzers/StyleCopAnalyzers/master/StyleCop.Analyzers/StyleCop.Analyzers/Settings/stylecop.schema.json",
  "settings": {
    "documentationRules": {
      "companyName": "CharLS Team",
      "copyrightText": "(C) {companyName}, all rights reserved. See the accompanying \"License.txt\" for licensed use.",
      "xmlHeader": false,
      "documentInterfaces": true,
      "documentInternalElements": false
    },
     "orderingRules": {
        "usingDirectivesPlacement": "outsideNamespace"
    }
  }
}
